{
  "colors" : [
    {
      "display-gamut" : "sRGB",
      "idiom" : "universal"
    },
    {
      "color" : {
        "color-space" : "extended-linear-srgb",
        "components" : {
          "alpha" : "1.000",
          "blue" : "1.000",
          "green" : "1.000",
          "red" : "1.000"
        }
      },
      "display-gamut" : "display-P3",
      "idiom" : "universal"
    },
    {
      "display-gamut" : "sRGB",
      "idiom" : "universal",
      "locale" : "en"
    },
    {
      "display-gamut" : "display-P3",
      "idiom" : "universal",
      "locale" : "en"
    }
  ],
  "info" : {
    "author" : "xcode",
    "version" : 1
  },
  "properties" : {
    "localizable" : true
  }
}
